id;name;address;phone
1;protocol Pound;Guinea-Bissau;741-326-9739 x9020
2;Garden deposit;Vista;829.918.0961 x974
3;maximized Consultant;software Djibouti olive;1-325-534-4489 x1621
4;Account Tactics indigo;paradigm complexity;432.641.6891 x913
5;Product Argentina utilisation;blockchains User;565.450.5757 x0966
6;overriding innovate;Rupee navigating Loan;767-748-9388 x12763
7;Internal Baby;National Analyst;420-888-6319
8;redundant Borders;Account Checking Chips;1-505-884-6223 x78478
9;Krona monitor Technician;Alley user-facing;1-337-881-6259 x493
10;Mobility Uzbekistan;Profound Tasty circuit;506.873.4217 x38812
