id;username;passhash;name;phone;email;registration_date
1;Assistant;Market;program payment User-friendly;1-383-473-2680;Hayden.Walker52@gmail.com;2023-05-09
2;Malta alarm multi-byte;Chile Extended;Pa'anga azure online;894-226-8330;Nyasia58@hotmail.com;2023-05-10
3;Spurs Specialist;Front-line;quantifying transmit;(307) 205-7172 x697;Dewayne_Osinski41@hotmail.com;2023-05-10
4;azure;benchmark invoice Tuna;Loan Rhode;1-768-401-2277;Retha.Crist@gmail.com;2023-05-10
5;African fuchsia;ivory deposit Horizontal;Loan Handcrafted Architect;915.820.1449;Antwan_Emmerich@gmail.com;2023-05-10
6;Via;overriding Japan multi-tasking;Account;1-442-829-6310 x127;Alba.Powlowski92@gmail.com;2023-05-10
7;overriding;wireless up;Open-source parsing Ramp;(998) 761-8754 x964;Susana28@yahoo.com;2023-05-09
8;reboot;scale;generating;231.993.5784 x7778;Clair_Macejkovic9@hotmail.com;2023-05-10
9;up neural;orange;Oregon Loaf microchip;603-778-6422 x60578;Karolann11@hotmail.com;2023-05-10
10;online;Soap;Buckinghamshire turquoise User;342.687.4965 x4573;Kyla40@gmail.com;2023-05-10
